{"cameraMode":{"drawMode":0,"name":"Shaded","section":"Shading Mode"},"sceneLighting":true,"audioPlay":false,"sceneViewState":{"showFog":true,"showMaterialUpdate":false,"showSkybox":true,"showFlares":true,"showImageEffects":true,"showParticleSystems":true},"in2DMode":false,"pivot":{"x":-20.16754913330078,"y":68.78800201416016,"z":368.1703186035156},"rotation":{"x":0.09126138687133789,"y":-0.09514115005731583,"z":0.008759644813835621,"w":0.9912346601486206},"size":1362.026123046875,"orthographic":false}