{"cameraMode":{"drawMode":0,"name":"Shaded","section":"Shading Mode"},"sceneLighting":false,"audioPlay":false,"sceneViewState":{"showFog":true,"showMaterialUpdate":false,"showSkybox":false,"showFlares":true,"showImageEffects":true,"showParticleSystems":true},"in2DMode":false,"pivot":{"x":-0.17805695533752442,"y":-0.241606205701828,"z":0.20096564292907716},"rotation":{"x":-0.003309747902676463,"y":0.003597016679123044,"z":-0.000011715050277416594,"w":-0.9999890327453613},"size":3.41545033454895,"orthographic":false}